4438,,1369,736,st-keya01-ooo-01,null,,Error,1,null
5062,,1369,736,st-keya01-ooo-01,null,,Error,1,null
5062,,1453,736,st-keya01-ooo-01,null,,Error,1,null
5062,,1453,736,st-keya01-ooo-01,null,203.145.223.36,Ready,4606,null
5062,,1453,736,st-keya01-ooo-01,null,203.145.223.36,Ready,4606,1
5062,,1453,736,st-keya01-ooo-01,null,203.145.223.36,Ready,4606,null
5128,,1453,736,st-keya01-ooo-01,null,203.145.223.36,Ready,4606,null
5128,,1462,736,st-keya01-ooo-01,null,203.145.223.36,Ready,4606,null
5128,,1462,736,st-keya01-ooo-01,null,203.145.223.41,Ready,4609,null
5128,,1462,736,st-keya01-ooo-01,null,203.145.223.41,Ready,4609,d9b8f870-2e49-48f4-937e-4577c62ab548
5128,,1462,736,st-keya01-ooo-01,null,203.145.223.41,Ready,4609,d9b8f870-2e49-48f4-937e-4577c62ab548
5128,,1462,736,st-keya01-ooo-01,null,203.145.223.41,Ready,4609,d9b8f870-2e49-48f4-937e-4577c62ab548
5128,,1462,736,st-keya01-ooo-01,null,203.145.223.41,Ready,4609,d9b8f870-2e49-48f4-937e-4577c62ab548
5128,,1462,736,st-keya01-ooo-01,null,203.145.223.41,Ready,4609,d9b8f870-2e49-48f4-937e-4577c62ab548
5128,,1462,736,st-keya01-ooo-01,null,203.145.223.41,Ready,4609,null
5227,,1462,736,st-keya01-ooo-01,null,203.145.223.41,Ready,4609,null
5227,,1468,736,st-keya01-ooo-01,null,203.145.223.41,Ready,4609,null
5227,,1468,736,st-keya01-ooo-01,null,203.145.223.43,Ready,4615,null
5227,,1468,736,st-keya01-ooo-01,null,203.145.223.43,Ready,4615,4722fc09-fbb3-41bd-a36d-493f94b02c2a
5227,,1468,736,st-keya01-ooo-01,null,203.145.223.43,Ready,4615,4722fc09-fbb3-41bd-a36d-493f94b02c2a
5227,,1468,736,st-keya01-ooo-01,null,203.145.223.43,Ready,4615,4722fc09-fbb3-41bd-a36d-493f94b02c2a
5227,,1468,736,st-keya01-ooo-01,null,203.145.223.43,Ready,4615,4722fc09-fbb3-41bd-a36d-493f94b02c2a
5227,,1468,736,st-keya01-ooo-01,null,203.145.223.43,Ready,4615,4722fc09-fbb3-41bd-a36d-493f94b02c2a
5227,,1468,736,st-keya01-ooo-01,null,203.145.223.43,Ready,4615,null
5245,,1468,736,st-keya01-ooo-01,null,203.145.223.43,Ready,4615,null
5245,,1474,736,st-keya01-ooo-01,null,203.145.223.43,Ready,4615,null
5245,,1474,736,st-keya01-ooo-01,null,203.145.223.105,Ready,4630,null
5245,,1474,736,st-keya01-ooo-01,null,203.145.223.105,Ready,4630,f6dec3ec-ccae-4036-a818-2dfbedfdbcf2
5245,,1474,736,st-keya01-ooo-01,null,203.145.223.105,Ready,4630,f6dec3ec-ccae-4036-a818-2dfbedfdbcf2
5245,,1474,736,st-keya01-ooo-01,null,203.145.223.105,Ready,4630,f6dec3ec-ccae-4036-a818-2dfbedfdbcf2
5245,,1474,736,st-keya01-ooo-01,null,203.145.223.105,Ready,4630,f6dec3ec-ccae-4036-a818-2dfbedfdbcf2
5245,,1474,736,st-keya01-ooo-01,null,203.145.223.105,Ready,4630,f6dec3ec-ccae-4036-a818-2dfbedfdbcf2
5245,,1474,736,st-keya01-ooo-01,null,203.145.223.105,Ready,4630,null
5251,,1474,736,st-keya01-ooo-01,null,203.145.223.105,Ready,4630,null
5251,,1480,736,st-keya01-ooo-01,null,203.145.223.105,Ready,4630,null
5251,,1480,736,st-keya01-ooo-01,null,203.145.223.105,Ready,4636,null
5251,,1480,736,st-keya01-ooo-01,null,203.145.223.105,Ready,4636,5399930b-123f-4d71-9176-01f1c944d019
5251,,1480,736,st-keya01-ooo-01,null,203.145.223.105,Ready,4636,5399930b-123f-4d71-9176-01f1c944d019
5251,,1480,736,st-keya01-ooo-01,null,203.145.223.105,Ready,4636,5399930b-123f-4d71-9176-01f1c944d019
5251,,1480,736,st-keya01-ooo-01,null,203.145.223.105,Ready,4636,5399930b-123f-4d71-9176-01f1c944d019
5251,,1480,736,st-keya01-ooo-01,null,203.145.223.105,Ready,4636,5399930b-123f-4d71-9176-01f1c944d019
5251,,1480,736,st-keya01-ooo-01,null,203.145.223.105,Ready,4636,null
5251,,1480,736,st-keya01-ooo-01,null,203.145.223.105,Ready,4636,null
5251,,1480,736,st-keya01-ooo-01,null,203.145.223.105,Ready,4636,null
5782,,1480,736,st-keya01-ooo-01,null,203.145.223.105,Ready,4636,null
5785,,1480,736,st-keya01-ooo-01,null,203.145.223.105,Ready,4636,null
5788,,1480,736,st-keya01-ooo-01,null,203.145.223.105,Ready,4636,null
5782,,1543,736,st-keya01-ooo-01,null,203.145.223.105,Ready,4636,null
5785,,1546,736,st-keya01-ooo-01,null,203.145.223.105,Ready,4636,null
5788,,1549,736,st-keya01-ooo-01,null,203.145.223.105,Ready,4636,null
5782,,1543,736,st-keya01-ooo-01,null,203.145.222.19,Ready,5104,null
5785,,1546,736,st-keya01-ooo-01,null,203.145.222.23,Ready,5107,null
5788,,1549,736,st-keya01-ooo-01,null,203.145.222.156,Ready,5110,null
5782,,1543,736,st-keya01-ooo-01,null,203.145.222.19,Ready,5104,50bb1a9f-19a5-47bc-b5ee-833779055d7e
5785,,1546,736,st-keya01-ooo-01,null,203.145.222.23,Ready,5107,a3468527-3027-4ca2-bb0c-d83c14a9de33
5788,,1549,736,st-keya01-ooo-01,null,203.145.222.156,Ready,5110,1e98600d-4996-4c71-9da2-1b8bc95e2515
5782,,1543,736,st-keya01-ooo-01,null,203.145.222.19,Ready,5104,50bb1a9f-19a5-47bc-b5ee-833779055d7e
5785,,1546,736,st-keya01-ooo-01,null,203.145.222.23,Ready,5107,a3468527-3027-4ca2-bb0c-d83c14a9de33
5788,,1549,736,st-keya01-ooo-01,null,203.145.222.156,Ready,5110,1e98600d-4996-4c71-9da2-1b8bc95e2515
5782,,1543,736,st-keya01-ooo-01,null,203.145.222.19,Ready,5104,50bb1a9f-19a5-47bc-b5ee-833779055d7e
5788,,1549,736,st-keya01-ooo-01,null,203.145.222.156,Ready,5110,1e98600d-4996-4c71-9da2-1b8bc95e2515
5785,,1546,736,st-keya01-ooo-01,null,203.145.222.23,Ready,5107,a3468527-3027-4ca2-bb0c-d83c14a9de33
5782,,1543,736,st-keya01-ooo-01,null,203.145.222.19,Ready,5104,50bb1a9f-19a5-47bc-b5ee-833779055d7e
5788,,1549,736,st-keya01-ooo-01,null,203.145.222.156,Ready,5110,1e98600d-4996-4c71-9da2-1b8bc95e2515
5785,,1546,736,st-keya01-ooo-01,null,203.145.222.23,Ready,5107,a3468527-3027-4ca2-bb0c-d83c14a9de33
5782,,1543,736,st-keya01-ooo-01,null,203.145.222.19,Ready,5104,50bb1a9f-19a5-47bc-b5ee-833779055d7e
5785,,1546,736,st-keya01-ooo-01,null,203.145.222.23,Ready,5107,null
5785,,1546,736,st-keya01-ooo-01,null,203.145.222.23,Ready,5107,null
5785,,1546,736,st-keya01-ooo-01,null,203.145.222.23,Ready,5107,null
5812,,1546,736,st-keya01-ooo-01,null,203.145.222.23,Ready,5107,null
5815,,1546,736,st-keya01-ooo-01,null,203.145.222.23,Ready,5107,null
5818,,1546,736,st-keya01-ooo-01,null,203.145.222.23,Ready,5107,null
5815,,1561,736,st-keya01-ooo-01,null,203.145.222.23,Ready,5107,null
5812,,1564,736,st-keya01-ooo-01,null,203.145.222.23,Ready,5107,null
5818,,1567,736,st-keya01-ooo-01,null,203.145.222.23,Ready,5107,null
5815,,1561,736,st-keya01-ooo-01,null,203.145.222.23,Ready,5137,null
5812,,1564,736,st-keya01-ooo-01,null,203.145.222.167,Ready,5143,null
5818,,1567,736,st-keya01-ooo-01,null,203.145.222.134,Ready,5140,null
5815,,1561,736,st-keya01-ooo-01,null,203.145.222.23,Ready,5137,e6115f04-ff94-4c2f-b053-9072db5cf788
5812,,1564,736,st-keya01-ooo-01,null,203.145.222.167,Ready,5143,8e700d91-8ccd-46f0-a406-e4ce6306789c
5818,,1567,736,st-keya01-ooo-01,null,203.145.222.134,Ready,5140,64da3018-8c11-49f3-b55a-d51338305b62
5815,,1561,736,st-keya01-ooo-01,null,203.145.222.23,Ready,5137,e6115f04-ff94-4c2f-b053-9072db5cf788
5812,,1564,736,st-keya01-ooo-01,null,203.145.222.167,Ready,5143,8e700d91-8ccd-46f0-a406-e4ce6306789c
5818,,1567,736,st-keya01-ooo-01,null,203.145.222.134,Ready,5140,64da3018-8c11-49f3-b55a-d51338305b62
5812,,1564,736,st-keya01-ooo-01,null,203.145.222.167,Ready,5143,8e700d91-8ccd-46f0-a406-e4ce6306789c
5815,,1561,736,st-keya01-ooo-01,null,203.145.222.23,Ready,5137,e6115f04-ff94-4c2f-b053-9072db5cf788
5818,,1567,736,st-keya01-ooo-01,null,203.145.222.134,Ready,5140,64da3018-8c11-49f3-b55a-d51338305b62
5812,,1564,736,st-keya01-ooo-01,null,203.145.222.167,Ready,5143,8e700d91-8ccd-46f0-a406-e4ce6306789c
5815,,1561,736,st-keya01-ooo-01,null,203.145.222.23,Ready,5137,e6115f04-ff94-4c2f-b053-9072db5cf788
5818,,1567,736,st-keya01-ooo-01,null,203.145.222.134,Ready,5140,64da3018-8c11-49f3-b55a-d51338305b62
5818,,1567,736,st-keya01-ooo-01,null,203.145.222.134,Ready,5140,null
5818,,1567,736,st-keya01-ooo-01,null,203.145.222.134,Ready,5140,null
5818,,1567,736,st-keya01-ooo-01,null,203.145.222.134,Ready,5140,null
5833,,1567,736,st-keya01-ooo-01,null,203.145.222.134,Ready,5140,null
5836,,1567,736,st-keya01-ooo-01,null,203.145.222.134,Ready,5140,null
5839,,1567,736,st-keya01-ooo-01,null,203.145.222.134,Ready,5140,null
5833,,1579,736,st-keya01-ooo-01,null,203.145.222.134,Ready,5140,null
5836,,1582,736,st-keya01-ooo-01,null,203.145.222.134,Ready,5140,null
5839,,1585,736,st-keya01-ooo-01,null,203.145.222.134,Ready,5140,null
5833,,1579,736,st-keya01-ooo-01,null,203.145.222.184,Ready,5197,null
5836,,1582,736,st-keya01-ooo-01,null,203.145.222.99,Ready,5200,null
5839,,1585,736,st-keya01-ooo-01,null,203.145.222.153,Ready,5203,null
5833,,1579,736,st-keya01-ooo-01,null,203.145.222.184,Ready,5197,fe695cd6-f84a-46de-8c34-0151554a2729
5836,,1582,736,st-keya01-ooo-01,null,203.145.222.99,Ready,5200,1ba26530-33fe-4089-a068-8d9800d1bcc1
5839,,1585,736,st-keya01-ooo-01,null,203.145.222.153,Ready,5203,b3bccb87-44bb-4aa7-86a9-2ccf1ed0f403
5833,,1579,736,st-keya01-ooo-01,null,203.145.222.184,Ready,5197,fe695cd6-f84a-46de-8c34-0151554a2729
5836,,1582,736,st-keya01-ooo-01,null,203.145.222.99,Ready,5200,1ba26530-33fe-4089-a068-8d9800d1bcc1
5839,,1585,736,st-keya01-ooo-01,null,203.145.222.153,Ready,5203,b3bccb87-44bb-4aa7-86a9-2ccf1ed0f403
5836,,1582,736,st-keya01-ooo-01,null,203.145.222.99,Ready,5200,1ba26530-33fe-4089-a068-8d9800d1bcc1
5833,,1579,736,st-keya01-ooo-01,null,203.145.222.184,Ready,5197,fe695cd6-f84a-46de-8c34-0151554a2729
5839,,1585,736,st-keya01-ooo-01,null,203.145.222.153,Ready,5203,b3bccb87-44bb-4aa7-86a9-2ccf1ed0f403
5836,,1582,736,st-keya01-ooo-01,null,203.145.222.99,Ready,5200,1ba26530-33fe-4089-a068-8d9800d1bcc1
5833,,1579,736,st-keya01-ooo-01,null,203.145.222.184,Ready,5197,fe695cd6-f84a-46de-8c34-0151554a2729
5839,,1585,736,st-keya01-ooo-01,null,203.145.222.153,Ready,5203,b3bccb87-44bb-4aa7-86a9-2ccf1ed0f403
5839,,1585,736,st-keya01-ooo-01,null,203.145.222.153,Ready,5203,null
5839,,1585,736,st-keya01-ooo-01,null,203.145.222.153,Ready,5203,null
5839,,1585,736,st-keya01-ooo-01,null,203.145.222.153,Ready,5203,null
5851,,1585,736,st-keya01-ooo-01,null,203.145.222.153,Ready,5203,null
5854,,1585,736,st-keya01-ooo-01,null,203.145.222.153,Ready,5203,null
5857,,1585,736,st-keya01-ooo-01,null,203.145.222.153,Ready,5203,null
5851,,1597,736,st-keya01-ooo-01,null,203.145.222.153,Ready,5203,null
5854,,1600,736,st-keya01-ooo-01,null,203.145.222.153,Ready,5203,null
5857,,1603,736,st-keya01-ooo-01,null,203.145.222.153,Ready,5203,null
5851,,1597,736,st-keya01-ooo-01,null,203.145.222.151,Ready,5221,null
5854,,1600,736,st-keya01-ooo-01,null,203.145.222.160,Ready,5218,null
5857,,1603,736,st-keya01-ooo-01,null,203.145.222.153,Ready,5224,null
5851,,1597,736,st-keya01-ooo-01,null,203.145.222.151,Ready,5221,f86d832b-535e-4977-81f9-c0dbf9e7d60b
5854,,1600,736,st-keya01-ooo-01,null,203.145.222.160,Ready,5218,ea1472ad-f63f-4f5d-a8d1-3360efb57273
5857,,1603,736,st-keya01-ooo-01,null,203.145.222.153,Ready,5224,f0aee1ca-22e7-4f1e-8963-2bbf2bf505ae
5851,,1597,736,st-keya01-ooo-01,null,203.145.222.151,Ready,5221,f86d832b-535e-4977-81f9-c0dbf9e7d60b
5854,,1600,736,st-keya01-ooo-01,null,203.145.222.160,Ready,5218,ea1472ad-f63f-4f5d-a8d1-3360efb57273
5857,,1603,736,st-keya01-ooo-01,null,203.145.222.153,Ready,5224,f0aee1ca-22e7-4f1e-8963-2bbf2bf505ae
5851,,1597,736,st-keya01-ooo-01,null,203.145.222.151,Ready,5221,f86d832b-535e-4977-81f9-c0dbf9e7d60b
5857,,1603,736,st-keya01-ooo-01,null,203.145.222.153,Ready,5224,f0aee1ca-22e7-4f1e-8963-2bbf2bf505ae
5854,,1600,736,st-keya01-ooo-01,null,203.145.222.160,Ready,5218,ea1472ad-f63f-4f5d-a8d1-3360efb57273
5851,,1597,736,st-keya01-ooo-01,null,203.145.222.151,Ready,5221,f86d832b-535e-4977-81f9-c0dbf9e7d60b
5857,,1603,736,st-keya01-ooo-01,null,203.145.222.153,Ready,5224,f0aee1ca-22e7-4f1e-8963-2bbf2bf505ae
5854,,1600,736,st-keya01-ooo-01,null,203.145.222.160,Ready,5218,ea1472ad-f63f-4f5d-a8d1-3360efb57273
5854,,1600,736,st-keya01-ooo-01,null,203.145.222.160,Ready,5218,null
5854,,1600,736,st-keya01-ooo-01,null,203.145.222.160,Ready,5218,null
5854,,1600,736,st-keya01-ooo-01,null,203.145.222.160,Ready,5218,null
5872,,1600,736,st-keya01-ooo-01,null,203.145.222.160,Ready,5218,null
5875,,1600,736,st-keya01-ooo-01,null,203.145.222.160,Ready,5218,null
5878,,1600,736,st-keya01-ooo-01,null,203.145.222.160,Ready,5218,null
5872,,1618,736,st-keya01-ooo-01,null,203.145.222.160,Ready,5218,null
5878,,1621,736,st-keya01-ooo-01,null,203.145.222.160,Ready,5218,null
5875,,1624,736,st-keya01-ooo-01,null,203.145.222.160,Ready,5218,null
5872,,1618,736,st-keya01-ooo-01,null,203.145.222.210,Ready,5269,null
5878,,1621,736,st-keya01-ooo-01,null,203.145.222.149,Ready,5275,null
5875,,1624,736,st-keya01-ooo-01,null,203.145.222.188,Ready,5272,null
5875,,1624,736,st-keya01-ooo-01,null,203.145.222.188,Ready,5272,8d9ba34a-d740-4f5f-9d8e-616422477103
5878,,1621,736,st-keya01-ooo-01,null,203.145.222.149,Ready,5275,b254d1ac-6c90-4630-943f-121ce4229f75
5872,,1618,736,st-keya01-ooo-01,null,203.145.222.210,Ready,5269,4ea95417-62d7-45c6-94c0-0c7ae42cdacb
5875,,1624,736,st-keya01-ooo-01,null,203.145.222.188,Ready,5272,8d9ba34a-d740-4f5f-9d8e-616422477103
5878,,1621,736,st-keya01-ooo-01,null,203.145.222.149,Ready,5275,b254d1ac-6c90-4630-943f-121ce4229f75
5872,,1618,736,st-keya01-ooo-01,null,203.145.222.210,Ready,5269,4ea95417-62d7-45c6-94c0-0c7ae42cdacb
5875,,1624,736,st-keya01-ooo-01,null,203.145.222.188,Ready,5272,8d9ba34a-d740-4f5f-9d8e-616422477103
5872,,1618,736,st-keya01-ooo-01,null,203.145.222.210,Ready,5269,4ea95417-62d7-45c6-94c0-0c7ae42cdacb
5878,,1621,736,st-keya01-ooo-01,null,203.145.222.149,Ready,5275,b254d1ac-6c90-4630-943f-121ce4229f75
5875,,1624,736,st-keya01-ooo-01,null,203.145.222.188,Ready,5272,8d9ba34a-d740-4f5f-9d8e-616422477103
5872,,1618,736,st-keya01-ooo-01,null,203.145.222.210,Ready,5269,4ea95417-62d7-45c6-94c0-0c7ae42cdacb
5878,,1621,736,st-keya01-ooo-01,null,203.145.222.149,Ready,5275,b254d1ac-6c90-4630-943f-121ce4229f75
5878,,1621,736,st-keya01-ooo-01,null,203.145.222.149,Ready,5275,null
5878,,1621,736,st-keya01-ooo-01,null,203.145.222.149,Ready,5275,null
5878,,1621,736,st-keya01-ooo-01,null,203.145.222.149,Ready,5275,null
5890,,1621,736,st-keya01-ooo-01,null,203.145.222.149,Ready,5275,null
5893,,1621,736,st-keya01-ooo-01,null,203.145.222.149,Ready,5275,null
5896,,1621,736,st-keya01-ooo-01,null,203.145.222.149,Ready,5275,null
5893,,1636,736,st-keya01-ooo-01,null,203.145.222.149,Ready,5275,null
5890,,1639,736,st-keya01-ooo-01,null,203.145.222.149,Ready,5275,null
5896,,1642,736,st-keya01-ooo-01,null,203.145.222.149,Ready,5275,null
5893,,1636,736,st-keya01-ooo-01,null,203.145.222.160,Ready,5302,null
5890,,1639,736,st-keya01-ooo-01,null,203.145.222.228,Ready,5305,null
5896,,1642,736,st-keya01-ooo-01,null,203.145.222.149,Ready,5308,null
5893,,1636,736,st-keya01-ooo-01,null,203.145.222.160,Ready,5302,b4f08556-1d12-4c90-8ea5-b7b67df0c980
5890,,1639,736,st-keya01-ooo-01,null,203.145.222.228,Ready,5305,48bbd8d5-ec9d-4713-8e52-762c6f30f158
5896,,1642,736,st-keya01-ooo-01,null,203.145.222.149,Ready,5308,8097b570-5664-4cdc-867f-af8b666a21b7
5893,,1636,736,st-keya01-ooo-01,null,203.145.222.160,Ready,5302,b4f08556-1d12-4c90-8ea5-b7b67df0c980
5890,,1639,736,st-keya01-ooo-01,null,203.145.222.228,Ready,5305,48bbd8d5-ec9d-4713-8e52-762c6f30f158
5896,,1642,736,st-keya01-ooo-01,null,203.145.222.149,Ready,5308,8097b570-5664-4cdc-867f-af8b666a21b7
5893,,1636,736,st-keya01-ooo-01,null,203.145.222.160,Ready,5302,b4f08556-1d12-4c90-8ea5-b7b67df0c980
5890,,1639,736,st-keya01-ooo-01,null,203.145.222.228,Ready,5305,48bbd8d5-ec9d-4713-8e52-762c6f30f158
5896,,1642,736,st-keya01-ooo-01,null,203.145.222.149,Ready,5308,8097b570-5664-4cdc-867f-af8b666a21b7
5893,,1636,736,st-keya01-ooo-01,null,203.145.222.160,Ready,5302,b4f08556-1d12-4c90-8ea5-b7b67df0c980
5890,,1639,736,st-keya01-ooo-01,null,203.145.222.228,Ready,5305,48bbd8d5-ec9d-4713-8e52-762c6f30f158
5896,,1642,736,st-keya01-ooo-01,null,203.145.222.149,Ready,5308,8097b570-5664-4cdc-867f-af8b666a21b7
5896,,1642,736,st-keya01-ooo-01,null,203.145.222.149,Ready,5308,null
5896,,1642,736,st-keya01-ooo-01,null,203.145.222.149,Ready,5308,null
5896,,1642,736,st-keya01-ooo-01,null,203.145.222.149,Ready,5308,null
5908,,1642,736,st-keya01-ooo-01,null,203.145.222.149,Ready,5308,null
5911,,1642,736,st-keya01-ooo-01,null,203.145.222.149,Ready,5308,null
5914,,1642,736,st-keya01-ooo-01,null,203.145.222.149,Ready,5308,null
5908,,1654,736,st-keya01-ooo-01,null,203.145.222.149,Ready,5308,null
5911,,1657,736,st-keya01-ooo-01,null,203.145.222.149,Ready,5308,null
5914,,1660,736,st-keya01-ooo-01,null,203.145.222.149,Ready,5308,null
5908,,1654,736,st-keya01-ooo-01,null,203.145.222.110,Ready,5350,null
5911,,1657,736,st-keya01-ooo-01,null,203.145.222.149,Ready,5353,null
5914,,1660,736,st-keya01-ooo-01,null,203.145.222.191,Ready,5356,null
5908,,1654,736,st-keya01-ooo-01,null,203.145.222.110,Ready,5350,bf6164a5-ca68-46bb-a2aa-8b02a19a105e
5911,,1657,736,st-keya01-ooo-01,null,203.145.222.149,Ready,5353,a2442745-2593-4520-930d-05e74c413834
5914,,1660,736,st-keya01-ooo-01,null,203.145.222.191,Ready,5356,e7033a60-0a07-46eb-a275-7a3f3112b11a
5908,,1654,736,st-keya01-ooo-01,null,203.145.222.110,Ready,5350,bf6164a5-ca68-46bb-a2aa-8b02a19a105e
5911,,1657,736,st-keya01-ooo-01,null,203.145.222.149,Ready,5353,a2442745-2593-4520-930d-05e74c413834
5914,,1660,736,st-keya01-ooo-01,null,203.145.222.191,Ready,5356,e7033a60-0a07-46eb-a275-7a3f3112b11a
5908,,1654,736,st-keya01-ooo-01,null,203.145.222.110,Ready,5350,bf6164a5-ca68-46bb-a2aa-8b02a19a105e
5911,,1657,736,st-keya01-ooo-01,null,203.145.222.149,Ready,5353,a2442745-2593-4520-930d-05e74c413834
5914,,1660,736,st-keya01-ooo-01,null,203.145.222.191,Ready,5356,e7033a60-0a07-46eb-a275-7a3f3112b11a
5908,,1654,736,st-keya01-ooo-01,null,203.145.222.110,Ready,5350,bf6164a5-ca68-46bb-a2aa-8b02a19a105e
5911,,1657,736,st-keya01-ooo-01,null,203.145.222.149,Ready,5353,a2442745-2593-4520-930d-05e74c413834
5914,,1660,736,st-keya01-ooo-01,null,203.145.222.191,Ready,5356,e7033a60-0a07-46eb-a275-7a3f3112b11a
5914,,1660,736,st-keya01-ooo-01,null,203.145.222.191,Ready,5356,null
5914,,1660,736,st-keya01-ooo-01,null,203.145.222.191,Ready,5356,null
5914,,1660,736,st-keya01-ooo-01,null,203.145.222.191,Ready,5356,null
5926,,1660,736,st-keya01-ooo-01,null,203.145.222.191,Ready,5356,null
5929,,1660,736,st-keya01-ooo-01,null,203.145.222.191,Ready,5356,null
5932,,1660,736,st-keya01-ooo-01,null,203.145.222.191,Ready,5356,null
5926,,1672,736,st-keya01-ooo-01,null,203.145.222.191,Ready,5356,null
5929,,1675,736,st-keya01-ooo-01,null,203.145.222.191,Ready,5356,null
5932,,1678,736,st-keya01-ooo-01,null,203.145.222.191,Ready,5356,null
5926,,1672,736,st-keya01-ooo-01,null,203.145.222.205,Ready,5389,null
5929,,1675,736,st-keya01-ooo-01,null,203.145.222.244,Ready,5392,null
5932,,1678,736,st-keya01-ooo-01,null,203.145.222.130,Ready,5395,null
5926,,1672,736,st-keya01-ooo-01,null,203.145.222.205,Ready,5389,4d203ea0-12a7-4c53-9f06-3d861cf7d89a
5929,,1675,736,st-keya01-ooo-01,null,203.145.222.244,Ready,5392,375d60f7-2b09-484a-aebb-3ba28ebbb4ba
5932,,1678,736,st-keya01-ooo-01,null,203.145.222.130,Ready,5395,76342eb2-a248-4461-b97d-1df940519a6c
5926,,1672,736,st-keya01-ooo-01,null,203.145.222.205,Ready,5389,4d203ea0-12a7-4c53-9f06-3d861cf7d89a
5929,,1675,736,st-keya01-ooo-01,null,203.145.222.244,Ready,5392,375d60f7-2b09-484a-aebb-3ba28ebbb4ba
5932,,1678,736,st-keya01-ooo-01,null,203.145.222.130,Ready,5395,76342eb2-a248-4461-b97d-1df940519a6c
5926,,1672,736,st-keya01-ooo-01,null,203.145.222.205,Ready,5389,4d203ea0-12a7-4c53-9f06-3d861cf7d89a
5929,,1675,736,st-keya01-ooo-01,null,203.145.222.244,Ready,5392,375d60f7-2b09-484a-aebb-3ba28ebbb4ba
5932,,1678,736,st-keya01-ooo-01,null,203.145.222.130,Ready,5395,76342eb2-a248-4461-b97d-1df940519a6c
5926,,1672,736,st-keya01-ooo-01,null,203.145.222.205,Ready,5389,4d203ea0-12a7-4c53-9f06-3d861cf7d89a
5929,,1675,736,st-keya01-ooo-01,null,203.145.222.244,Ready,5392,375d60f7-2b09-484a-aebb-3ba28ebbb4ba
5932,,1678,736,st-keya01-ooo-01,null,203.145.222.130,Ready,5395,76342eb2-a248-4461-b97d-1df940519a6c
5932,,1678,736,st-keya01-ooo-01,null,203.145.222.130,Ready,5395,null
5932,,1678,736,st-keya01-ooo-01,null,203.145.222.130,Ready,5395,null
5932,,1678,736,st-keya01-ooo-01,null,203.145.222.130,Ready,5395,null
5944,,1678,736,st-keya01-ooo-01,null,203.145.222.130,Ready,5395,null
5947,,1678,736,st-keya01-ooo-01,null,203.145.222.130,Ready,5395,null
5950,,1678,736,st-keya01-ooo-01,null,203.145.222.130,Ready,5395,null
5944,,1690,736,st-keya01-ooo-01,null,203.145.222.130,Ready,5395,null
5947,,1693,736,st-keya01-ooo-01,null,203.145.222.130,Ready,5395,null
5950,,1696,736,st-keya01-ooo-01,null,203.145.222.130,Ready,5395,null
5944,,1690,736,st-keya01-ooo-01,null,203.145.222.147,Ready,5443,null
5947,,1693,736,st-keya01-ooo-01,null,203.145.222.191,Ready,5446,null
5950,,1696,736,st-keya01-ooo-01,null,203.145.222.251,Ready,5449,null
5944,,1690,736,st-keya01-ooo-01,null,203.145.222.147,Ready,5443,a601c54a-f39f-4e30-a36b-4727aa17224a
5947,,1693,736,st-keya01-ooo-01,null,203.145.222.191,Ready,5446,64ee19d8-75c3-4aff-9f1f-ef2137c0cbc7
5950,,1696,736,st-keya01-ooo-01,null,203.145.222.251,Ready,5449,b73f7502-5c97-40f6-b279-0638a98efd29
5944,,1690,736,st-keya01-ooo-01,null,203.145.222.147,Ready,5443,a601c54a-f39f-4e30-a36b-4727aa17224a
5947,,1693,736,st-keya01-ooo-01,null,203.145.222.191,Ready,5446,64ee19d8-75c3-4aff-9f1f-ef2137c0cbc7
5950,,1696,736,st-keya01-ooo-01,null,203.145.222.251,Ready,5449,b73f7502-5c97-40f6-b279-0638a98efd29
5947,,1693,736,st-keya01-ooo-01,null,203.145.222.191,Ready,5446,64ee19d8-75c3-4aff-9f1f-ef2137c0cbc7
5944,,1690,736,st-keya01-ooo-01,null,203.145.222.147,Ready,5443,a601c54a-f39f-4e30-a36b-4727aa17224a
5950,,1696,736,st-keya01-ooo-01,null,203.145.222.251,Ready,5449,b73f7502-5c97-40f6-b279-0638a98efd29
5947,,1693,736,st-keya01-ooo-01,null,203.145.222.191,Ready,5446,64ee19d8-75c3-4aff-9f1f-ef2137c0cbc7
5944,,1690,736,st-keya01-ooo-01,null,203.145.222.147,Ready,5443,a601c54a-f39f-4e30-a36b-4727aa17224a
5950,,1696,736,st-keya01-ooo-01,null,203.145.222.251,Ready,5449,b73f7502-5c97-40f6-b279-0638a98efd29
5950,,1696,736,st-keya01-ooo-01,null,203.145.222.251,Ready,5449,null
5950,,1696,736,st-keya01-ooo-01,null,203.145.222.251,Ready,5449,null
5950,,1696,736,st-keya01-ooo-01,null,203.145.222.251,Ready,5449,null
5962,,1696,736,st-keya01-ooo-01,null,203.145.222.251,Ready,5449,null
5965,,1696,736,st-keya01-ooo-01,null,203.145.222.251,Ready,5449,null
5968,,1696,736,st-keya01-ooo-01,null,203.145.222.251,Ready,5449,null
5962,,1708,736,st-keya01-ooo-01,null,203.145.222.251,Ready,5449,null
5965,,1711,736,st-keya01-ooo-01,null,203.145.222.251,Ready,5449,null
5968,,1714,736,st-keya01-ooo-01,null,203.145.222.251,Ready,5449,null
5962,,1708,736,st-keya01-ooo-01,null,203.145.222.189,Ready,5476,null
5965,,1711,736,st-keya01-ooo-01,null,203.145.222.249,Ready,5479,null
5968,,1714,736,st-keya01-ooo-01,null,203.145.222.241,Ready,5482,null
5962,,1708,736,st-keya01-ooo-01,null,203.145.222.189,Ready,5476,297d09eb-3595-4e8e-888d-e28a262cdbbe
5965,,1711,736,st-keya01-ooo-01,null,203.145.222.249,Ready,5479,3fe29ae9-8eaa-4434-ad8b-e876a9d5c432
5968,,1714,736,st-keya01-ooo-01,null,203.145.222.241,Ready,5482,e82a4984-39fc-4c06-939f-283a7cc149c9
5962,,1708,736,st-keya01-ooo-01,null,203.145.222.189,Ready,5476,297d09eb-3595-4e8e-888d-e28a262cdbbe
5965,,1711,736,st-keya01-ooo-01,null,203.145.222.249,Ready,5479,3fe29ae9-8eaa-4434-ad8b-e876a9d5c432
5968,,1714,736,st-keya01-ooo-01,null,203.145.222.241,Ready,5482,e82a4984-39fc-4c06-939f-283a7cc149c9
5965,,1711,736,st-keya01-ooo-01,null,203.145.222.249,Ready,5479,3fe29ae9-8eaa-4434-ad8b-e876a9d5c432
5962,,1708,736,st-keya01-ooo-01,null,203.145.222.189,Ready,5476,297d09eb-3595-4e8e-888d-e28a262cdbbe
5968,,1714,736,st-keya01-ooo-01,null,203.145.222.241,Ready,5482,e82a4984-39fc-4c06-939f-283a7cc149c9
5965,,1711,736,st-keya01-ooo-01,null,203.145.222.249,Ready,5479,3fe29ae9-8eaa-4434-ad8b-e876a9d5c432
5962,,1708,736,st-keya01-ooo-01,null,203.145.222.189,Ready,5476,297d09eb-3595-4e8e-888d-e28a262cdbbe
5968,,1714,736,st-keya01-ooo-01,null,203.145.222.241,Ready,5482,e82a4984-39fc-4c06-939f-283a7cc149c9
5968,,1714,736,st-keya01-ooo-01,null,203.145.222.241,Ready,5482,null
5968,,1714,736,st-keya01-ooo-01,null,203.145.222.241,Ready,5482,null
5968,,1714,736,st-keya01-ooo-01,null,203.145.222.241,Ready,5482,null
5980,,1714,736,st-keya01-ooo-01,null,203.145.222.241,Ready,5482,null
5983,,1714,736,st-keya01-ooo-01,null,203.145.222.241,Ready,5482,null
5986,,1714,736,st-keya01-ooo-01,null,203.145.222.241,Ready,5482,null
5980,,1726,736,st-keya01-ooo-01,null,203.145.222.241,Ready,5482,null
5983,,1729,736,st-keya01-ooo-01,null,203.145.222.241,Ready,5482,null
5986,,1732,736,st-keya01-ooo-01,null,203.145.222.241,Ready,5482,null
5980,,1726,736,st-keya01-ooo-01,null,203.145.222.165,Ready,5518,null
5983,,1729,736,st-keya01-ooo-01,null,203.145.222.248,Ready,5524,null
5986,,1732,736,st-keya01-ooo-01,null,203.145.222.241,Ready,5521,null
5980,,1726,736,st-keya01-ooo-01,null,203.145.222.165,Ready,5518,4c4b6895-d3d1-4841-8b70-8a902071cda8
5983,,1729,736,st-keya01-ooo-01,null,203.145.222.248,Ready,5524,3f64ce1f-477f-4906-864e-963814373d5b
5986,,1732,736,st-keya01-ooo-01,null,203.145.222.241,Ready,5521,7fe04158-4e0f-4889-9cfe-2add8753a0fd
5980,,1726,736,st-keya01-ooo-01,null,203.145.222.165,Ready,5518,4c4b6895-d3d1-4841-8b70-8a902071cda8
5983,,1729,736,st-keya01-ooo-01,null,203.145.222.248,Ready,5524,3f64ce1f-477f-4906-864e-963814373d5b
5986,,1732,736,st-keya01-ooo-01,null,203.145.222.241,Ready,5521,7fe04158-4e0f-4889-9cfe-2add8753a0fd
5980,,1726,736,st-keya01-ooo-01,null,203.145.222.165,Ready,5518,4c4b6895-d3d1-4841-8b70-8a902071cda8
5983,,1729,736,st-keya01-ooo-01,null,203.145.222.248,Ready,5524,3f64ce1f-477f-4906-864e-963814373d5b
5986,,1732,736,st-keya01-ooo-01,null,203.145.222.241,Ready,5521,7fe04158-4e0f-4889-9cfe-2add8753a0fd
5980,,1726,736,st-keya01-ooo-01,null,203.145.222.165,Ready,5518,4c4b6895-d3d1-4841-8b70-8a902071cda8
5983,,1729,736,st-keya01-ooo-01,null,203.145.222.248,Ready,5524,3f64ce1f-477f-4906-864e-963814373d5b
5986,,1732,736,st-keya01-ooo-01,null,203.145.222.241,Ready,5521,7fe04158-4e0f-4889-9cfe-2add8753a0fd
5986,,1732,736,st-keya01-ooo-01,null,203.145.222.241,Ready,5521,null
5986,,1732,736,st-keya01-ooo-01,null,203.145.222.241,Ready,5521,null
5986,,1732,736,st-keya01-ooo-01,null,203.145.222.241,Ready,5521,null
5998,,1732,736,st-keya01-ooo-01,null,203.145.222.241,Ready,5521,null
6001,,1732,736,st-keya01-ooo-01,null,203.145.222.241,Ready,5521,null
6004,,1732,736,st-keya01-ooo-01,null,203.145.222.241,Ready,5521,null
6001,,1744,736,st-keya01-ooo-01,null,203.145.222.241,Ready,5521,null
6004,,1747,736,st-keya01-ooo-01,null,203.145.222.241,Ready,5521,null
5998,,1750,736,st-keya01-ooo-01,null,203.145.222.241,Ready,5521,null
6001,,1744,736,st-keya01-ooo-01,null,203.145.222.108,Ready,5557,null
6004,,1747,736,st-keya01-ooo-01,null,203.145.222.88,Ready,5560,null
5998,,1750,736,st-keya01-ooo-01,null,203.145.222.247,Ready,5554,null
6004,,1747,736,st-keya01-ooo-01,null,203.145.222.88,Ready,5560,d00d6501-7635-48bf-b7c2-3d9e4515c0d3
5998,,1750,736,st-keya01-ooo-01,null,203.145.222.247,Ready,5554,3693d426-e2dd-4db4-80d5-f1de7c42180e
6001,,1744,736,st-keya01-ooo-01,null,203.145.222.108,Ready,5557,2ab3dca8-45ce-419c-b49f-6c8c7f9f086d
6004,,1747,736,st-keya01-ooo-01,null,203.145.222.88,Ready,5560,d00d6501-7635-48bf-b7c2-3d9e4515c0d3
6001,,1744,736,st-keya01-ooo-01,null,203.145.222.108,Ready,5557,2ab3dca8-45ce-419c-b49f-6c8c7f9f086d
5998,,1750,736,st-keya01-ooo-01,null,203.145.222.247,Ready,5554,3693d426-e2dd-4db4-80d5-f1de7c42180e
6004,,1747,736,st-keya01-ooo-01,null,203.145.222.88,Ready,5560,d00d6501-7635-48bf-b7c2-3d9e4515c0d3
5998,,1750,736,st-keya01-ooo-01,null,203.145.222.247,Ready,5554,3693d426-e2dd-4db4-80d5-f1de7c42180e
6001,,1744,736,st-keya01-ooo-01,null,203.145.222.108,Ready,5557,2ab3dca8-45ce-419c-b49f-6c8c7f9f086d
5998,,1750,736,st-keya01-ooo-01,null,203.145.222.247,Ready,5554,3693d426-e2dd-4db4-80d5-f1de7c42180e
6004,,1747,736,st-keya01-ooo-01,null,203.145.222.88,Ready,5560,d00d6501-7635-48bf-b7c2-3d9e4515c0d3
6001,,1744,736,st-keya01-ooo-01,null,203.145.222.108,Ready,5557,2ab3dca8-45ce-419c-b49f-6c8c7f9f086d
6001,,1744,736,st-keya01-ooo-01,null,203.145.222.108,Ready,5557,null
6001,,1744,736,st-keya01-ooo-01,null,203.145.222.108,Ready,5557,null
6001,,1744,736,st-keya01-ooo-01,null,203.145.222.108,Ready,5557,null
6016,,1744,736,st-keya01-ooo-01,null,203.145.222.108,Ready,5557,null
6019,,1744,736,st-keya01-ooo-01,null,203.145.222.108,Ready,5557,null
6022,,1744,736,st-keya01-ooo-01,null,203.145.222.108,Ready,5557,null
6016,,1762,736,st-keya01-ooo-01,null,203.145.222.108,Ready,5557,null
6019,,1765,736,st-keya01-ooo-01,null,203.145.222.108,Ready,5557,null
6022,,1768,736,st-keya01-ooo-01,null,203.145.222.108,Ready,5557,null
6016,,1762,736,st-keya01-ooo-01,null,203.145.222.130,Ready,5584,null
6019,,1765,736,st-keya01-ooo-01,null,203.145.223.13,Ready,5587,null
6022,,1768,736,st-keya01-ooo-01,null,203.145.223.9,Ready,5590,null
6016,,1762,736,st-keya01-ooo-01,null,203.145.222.130,Ready,5584,26b6e78c-0825-4274-a773-4d9bca5b653d
6019,,1765,736,st-keya01-ooo-01,null,203.145.223.13,Ready,5587,df0a6830-c3a4-4e97-8255-561ee25d2583
6022,,1768,736,st-keya01-ooo-01,null,203.145.223.9,Ready,5590,64eb4206-3f34-49d0-a7bc-92886233cb9f
6016,,1762,736,st-keya01-ooo-01,null,203.145.222.130,Ready,5584,26b6e78c-0825-4274-a773-4d9bca5b653d
6019,,1765,736,st-keya01-ooo-01,null,203.145.223.13,Ready,5587,df0a6830-c3a4-4e97-8255-561ee25d2583
6022,,1768,736,st-keya01-ooo-01,null,203.145.223.9,Ready,5590,64eb4206-3f34-49d0-a7bc-92886233cb9f
6019,,1765,736,st-keya01-ooo-01,null,203.145.223.13,Ready,5587,df0a6830-c3a4-4e97-8255-561ee25d2583
6016,,1762,736,st-keya01-ooo-01,null,203.145.222.130,Ready,5584,26b6e78c-0825-4274-a773-4d9bca5b653d
6022,,1768,736,st-keya01-ooo-01,null,203.145.223.9,Ready,5590,64eb4206-3f34-49d0-a7bc-92886233cb9f
6019,,1765,736,st-keya01-ooo-01,null,203.145.223.13,Ready,5587,df0a6830-c3a4-4e97-8255-561ee25d2583
6016,,1762,736,st-keya01-ooo-01,null,203.145.222.130,Ready,5584,26b6e78c-0825-4274-a773-4d9bca5b653d
6022,,1768,736,st-keya01-ooo-01,null,203.145.223.9,Ready,5590,64eb4206-3f34-49d0-a7bc-92886233cb9f
6022,,1768,736,st-keya01-ooo-01,null,203.145.223.9,Ready,5590,null
6022,,1768,736,st-keya01-ooo-01,null,203.145.223.9,Ready,5590,null
6022,,1768,736,st-keya01-ooo-01,null,203.145.223.9,Ready,5590,null
6049,,1768,736,st-keya01-ooo-01,null,203.145.223.9,Ready,5590,null
6052,,1768,736,st-keya01-ooo-01,null,203.145.223.9,Ready,5590,null
6055,,1768,736,st-keya01-ooo-01,null,203.145.223.9,Ready,5590,null
6049,,1783,736,st-keya01-ooo-01,null,203.145.223.9,Ready,5590,null
6052,,1786,736,st-keya01-ooo-01,null,203.145.223.9,Ready,5590,null
6055,,1789,736,st-keya01-ooo-01,null,203.145.223.9,Ready,5590,null
6049,,1783,736,st-keya01-ooo-01,null,203.145.223.5,Ready,5638,null
6052,,1786,736,st-keya01-ooo-01,null,203.145.222.82,Ready,5632,null
6055,,1789,736,st-keya01-ooo-01,null,203.145.223.19,Ready,5635,null
6049,,1783,736,st-keya01-ooo-01,null,203.145.223.5,Ready,5638,3118ac2a-6a3e-4663-95f0-243762e6ff74
6055,,1789,736,st-keya01-ooo-01,null,203.145.223.19,Ready,5635,e391b7c1-a111-45d7-b384-500449219a5e
6052,,1786,736,st-keya01-ooo-01,null,203.145.222.82,Ready,5632,ffae541e-ea15-47fd-a8fb-6c883c690fa4
6049,,1783,736,st-keya01-ooo-01,null,203.145.223.5,Ready,5638,3118ac2a-6a3e-4663-95f0-243762e6ff74
6055,,1789,736,st-keya01-ooo-01,null,203.145.223.19,Ready,5635,e391b7c1-a111-45d7-b384-500449219a5e
6052,,1786,736,st-keya01-ooo-01,null,203.145.222.82,Ready,5632,ffae541e-ea15-47fd-a8fb-6c883c690fa4
6049,,1783,736,st-keya01-ooo-01,null,203.145.223.5,Ready,5638,3118ac2a-6a3e-4663-95f0-243762e6ff74
6052,,1786,736,st-keya01-ooo-01,null,203.145.222.82,Ready,5632,ffae541e-ea15-47fd-a8fb-6c883c690fa4
6055,,1789,736,st-keya01-ooo-01,null,203.145.223.19,Ready,5635,e391b7c1-a111-45d7-b384-500449219a5e
6049,,1783,736,st-keya01-ooo-01,null,203.145.223.5,Ready,5638,3118ac2a-6a3e-4663-95f0-243762e6ff74
6052,,1786,736,st-keya01-ooo-01,null,203.145.222.82,Ready,5632,ffae541e-ea15-47fd-a8fb-6c883c690fa4
6055,,1789,736,st-keya01-ooo-01,null,203.145.223.19,Ready,5635,e391b7c1-a111-45d7-b384-500449219a5e
6055,,1789,736,st-keya01-ooo-01,null,203.145.223.19,Ready,5635,null
6055,,1789,736,st-keya01-ooo-01,null,203.145.223.19,Ready,5635,null
6055,,1789,736,st-keya01-ooo-01,null,203.145.223.19,Ready,5635,null
6091,,1789,736,st-keya01-ooo-01,null,203.145.223.19,Ready,5635,null
6094,,1789,736,st-keya01-ooo-01,null,203.145.223.19,Ready,5635,null
6097,,1789,736,st-keya01-ooo-01,null,203.145.223.19,Ready,5635,null
6091,,1804,736,st-keya01-ooo-01,null,203.145.223.19,Ready,5635,null
6094,,1807,736,st-keya01-ooo-01,null,203.145.223.19,Ready,5635,null
6097,,1810,736,st-keya01-ooo-01,null,203.145.223.19,Ready,5635,null
6091,,1804,736,st-keya01-ooo-01,null,203.145.222.108,Ready,5701,null
6094,,1807,736,st-keya01-ooo-01,null,203.145.223.31,Ready,5707,null
6097,,1810,736,st-keya01-ooo-01,null,203.145.222.237,Ready,5704,null
6091,,1804,736,st-keya01-ooo-01,null,203.145.222.108,Ready,5701,1100611d-e863-4811-9ec9-f1ff1c30868b
6094,,1807,736,st-keya01-ooo-01,null,203.145.223.31,Ready,5707,ad93a349-1eed-4c61-9951-cdc493a59e38
6097,,1810,736,st-keya01-ooo-01,null,203.145.222.237,Ready,5704,b41330b4-29ef-477a-ad7b-119cd50cd82b
6091,,1804,736,st-keya01-ooo-01,null,203.145.222.108,Ready,5701,1100611d-e863-4811-9ec9-f1ff1c30868b
6094,,1807,736,st-keya01-ooo-01,null,203.145.223.31,Ready,5707,ad93a349-1eed-4c61-9951-cdc493a59e38
6097,,1810,736,st-keya01-ooo-01,null,203.145.222.237,Ready,5704,b41330b4-29ef-477a-ad7b-119cd50cd82b
6094,,1807,736,st-keya01-ooo-01,null,203.145.223.31,Ready,5707,ad93a349-1eed-4c61-9951-cdc493a59e38
6097,,1810,736,st-keya01-ooo-01,null,203.145.222.237,Ready,5704,b41330b4-29ef-477a-ad7b-119cd50cd82b
6091,,1804,736,st-keya01-ooo-01,null,203.145.222.108,Ready,5701,1100611d-e863-4811-9ec9-f1ff1c30868b
6094,,1807,736,st-keya01-ooo-01,null,203.145.223.31,Ready,5707,ad93a349-1eed-4c61-9951-cdc493a59e38
6097,,1810,736,st-keya01-ooo-01,null,203.145.222.237,Ready,5704,b41330b4-29ef-477a-ad7b-119cd50cd82b
6091,,1804,736,st-keya01-ooo-01,null,203.145.222.108,Ready,5701,1100611d-e863-4811-9ec9-f1ff1c30868b
6091,,1804,736,st-keya01-ooo-01,null,203.145.222.108,Ready,5701,null
6091,,1804,736,st-keya01-ooo-01,null,203.145.222.108,Ready,5701,null
6091,,1804,736,st-keya01-ooo-01,null,203.145.222.108,Ready,5701,null
6169,,1804,736,st-keya01-ooo-01,null,203.145.222.108,Ready,5701,null
6166,,1804,736,st-keya01-ooo-01,null,203.145.222.108,Ready,5701,null
6172,,1804,736,st-keya01-ooo-01,null,203.145.222.108,Ready,5701,null
6166,,1822,736,st-keya01-ooo-01,null,203.145.222.108,Ready,5701,null
6169,,1825,736,st-keya01-ooo-01,null,203.145.222.108,Ready,5701,null
6172,,1828,736,st-keya01-ooo-01,null,203.145.222.108,Ready,5701,null
6169,,1825,736,st-keya01-ooo-01,null,203.145.223.1,Ready,5779,null
6166,,1822,736,st-keya01-ooo-01,null,203.145.223.35,Ready,5776,null
6172,,1828,736,st-keya01-ooo-01,null,203.145.222.255,Ready,5773,null
6166,,1822,736,st-keya01-ooo-01,null,203.145.223.35,Ready,5776,1d54f150-8bbb-44a7-9a8e-a4232dbc2aeb
6169,,1825,736,st-keya01-ooo-01,null,203.145.223.1,Ready,5779,180a0868-15f7-4850-8519-e88964da2a62
6172,,1828,736,st-keya01-ooo-01,null,203.145.222.255,Ready,5773,22eb5a31-e9cd-4db2-8915-e34cdd227503
6166,,1822,736,st-keya01-ooo-01,null,203.145.223.35,Ready,5776,1d54f150-8bbb-44a7-9a8e-a4232dbc2aeb
6169,,1825,736,st-keya01-ooo-01,null,203.145.223.1,Ready,5779,180a0868-15f7-4850-8519-e88964da2a62
6172,,1828,736,st-keya01-ooo-01,null,203.145.222.255,Ready,5773,22eb5a31-e9cd-4db2-8915-e34cdd227503
6166,,1822,736,st-keya01-ooo-01,null,203.145.223.35,Ready,5776,1d54f150-8bbb-44a7-9a8e-a4232dbc2aeb
6169,,1825,736,st-keya01-ooo-01,null,203.145.223.1,Ready,5779,180a0868-15f7-4850-8519-e88964da2a62
6172,,1828,736,st-keya01-ooo-01,null,203.145.222.255,Ready,5773,22eb5a31-e9cd-4db2-8915-e34cdd227503
6166,,1822,736,st-keya01-ooo-01,null,203.145.223.35,Ready,5776,1d54f150-8bbb-44a7-9a8e-a4232dbc2aeb
6169,,1825,736,st-keya01-ooo-01,null,203.145.223.1,Ready,5779,180a0868-15f7-4850-8519-e88964da2a62
6172,,1828,736,st-keya01-ooo-01,null,203.145.222.255,Ready,5773,22eb5a31-e9cd-4db2-8915-e34cdd227503
6172,,1828,736,st-keya01-ooo-01,null,203.145.222.255,Ready,5773,null
6172,,1828,736,st-keya01-ooo-01,null,203.145.222.255,Ready,5773,null
6172,,1828,736,st-keya01-ooo-01,null,203.145.222.255,Ready,5773,null
6214,,1828,736,st-keya01-ooo-01,null,203.145.222.255,Ready,5773,null
6217,,1828,736,st-keya01-ooo-01,null,203.145.222.255,Ready,5773,null
6220,,1828,736,st-keya01-ooo-01,null,203.145.222.255,Ready,5773,null
6214,,1843,736,st-keya01-ooo-01,null,203.145.222.255,Ready,5773,null
6217,,1846,736,st-keya01-ooo-01,null,203.145.222.255,Ready,5773,null
6220,,1849,736,st-keya01-ooo-01,null,203.145.222.255,Ready,5773,null
6214,,1843,736,st-keya01-ooo-01,null,203.145.223.39,Ready,5842,null
6217,,1846,736,st-keya01-ooo-01,null,203.145.222.168,Ready,5845,null
6220,,1849,736,st-keya01-ooo-01,null,203.145.223.20,Ready,5848,null
6214,,1843,736,st-keya01-ooo-01,null,203.145.223.39,Ready,5842,54c03b0c-ee00-482d-b80f-a8f9956e11d2
6217,,1846,736,st-keya01-ooo-01,null,203.145.222.168,Ready,5845,0f74fcd0-31cf-49f7-8f54-dee40351c52b
6220,,1849,736,st-keya01-ooo-01,null,203.145.223.20,Ready,5848,194b954d-fa83-4aa8-8cbb-695dcba509cc
6214,,1843,736,st-keya01-ooo-01,null,203.145.223.39,Ready,5842,54c03b0c-ee00-482d-b80f-a8f9956e11d2
6217,,1846,736,st-keya01-ooo-01,null,203.145.222.168,Ready,5845,0f74fcd0-31cf-49f7-8f54-dee40351c52b
6220,,1849,736,st-keya01-ooo-01,null,203.145.223.20,Ready,5848,194b954d-fa83-4aa8-8cbb-695dcba509cc
6214,,1843,736,st-keya01-ooo-01,null,203.145.223.39,Ready,5842,54c03b0c-ee00-482d-b80f-a8f9956e11d2
6217,,1846,736,st-keya01-ooo-01,null,203.145.222.168,Ready,5845,0f74fcd0-31cf-49f7-8f54-dee40351c52b
6220,,1849,736,st-keya01-ooo-01,null,203.145.223.20,Ready,5848,194b954d-fa83-4aa8-8cbb-695dcba509cc
6214,,1843,736,st-keya01-ooo-01,null,203.145.223.39,Ready,5842,54c03b0c-ee00-482d-b80f-a8f9956e11d2
6217,,1846,736,st-keya01-ooo-01,null,203.145.222.168,Ready,5845,0f74fcd0-31cf-49f7-8f54-dee40351c52b
6220,,1849,736,st-keya01-ooo-01,null,203.145.223.20,Ready,5848,194b954d-fa83-4aa8-8cbb-695dcba509cc
6220,,1849,736,st-keya01-ooo-01,null,203.145.223.20,Ready,5848,null
1,,1849,736,st-keya01-ooo-01,null,203.145.223.20,Ready,5848,null
1,,1849,3307,st-keya01-ooo-01,null,203.145.223.20,Ready,5848,null
1,,1849,3307,st-keya01-ooo-01,null,203.145.223.20,Ready,5848,null
17725,,1849,3307,st-keya01-ooo-01,null,203.145.223.20,Ready,5848,null
17725,,1849,3307,st-keya01-ooo-01,null,203.145.223.20,Ready,5848,null
17725,,1849,3307,st-keya01-ooo-01,null,203.145.223.20,Ready,5848,null
17725,,1849,3307,st-keya01-ooo-01,null,203.145.223.20,Ready,5848,null
17725,,1849,3307,st-keya01-ooo-01,null,203.145.223.20,Ready,5848,null
17725,,1849,3307,st-keya01-ooo-01,null,203.145.223.20,Ready,5848,null
17725,,1849,3307,st-keya01-ooo-01,null,203.145.223.20,Ready,5848,null
17725,,1849,3307,st-keya01-ooo-01,null,203.145.223.20,Ready,5848,null
17725,,1849,3307,st-keya01-ooo-01,null,203.145.223.20,Ready,5848,null
17725,,1849,3307,st-keya01-ooo-01,null,,Initializing,1,null
17725,,1849,3307,st-keya01-ooo-01,null,,Initializing,1,null
17725,,1849,3307,st-keya01-ooo-01,null,,Initializing,1,null
17725,,1849,3307,st-keya01-ooo-01,null,,Initializing,1,null
17725,,1849,3307,st-keya01-ooo-01,null,203.145.223.202,Ready,8125,null
17725,,1849,3307,st-keya01-ooo-01,null,203.145.223.202,Ready,8125,null
17725,,1849,3307,st-keya01-ooo-01,null,203.145.223.202,Ready,8125,null
17725,,1849,3307,st-keya01-ooo-01,null,203.145.223.202,Ready,8125,null
17725,,1849,3307,st-keya01-ooo-01,null,203.145.223.202,Ready,8125,null
17725,,1849,3307,st-keya01-ooo-01,null,203.145.223.202,Ready,8125,null
17725,,1849,3307,st-keya01-ooo-01,null,203.145.223.202,Ready,8125,null
17725,,1849,3307,st-keya01-ooo-01,null,203.145.223.202,Ready,8125,null
17725,,1849,3307,st-keya01-ooo-01,null,203.145.223.202,Ready,8125,null
17725,,1849,3307,st-keya01-ooo-01,null,203.145.223.202,Ready,8125,null
17725,,1849,3307,st-keya01-ooo-01,null,203.145.223.202,Ready,8125,null
17725,,1849,3307,st-keya01-ooo-01,null,203.145.223.202,Ready,8125,null
17725,,1849,3307,st-keya01-ooo-01,null,203.145.223.202,Ready,8125,null
17725,,1849,3307,st-keya01-ooo-01,null,203.145.223.202,NotReady,8125,null
17725,,1849,3307,st-keya01-ooo-01,null,203.145.223.202,NotReady,8125,null
17725,,1849,3307,st-keya01-ooo-01,null,203.145.223.202,NotReady,8125,null
17725,,1849,3307,st-keya01-ooo-01,null,203.145.223.202,NotReady,8125,null
17725,,1849,3307,st-keya01-ooo-01,null,203.145.223.202,NotReady,8125,null
17725,,1849,3307,st-keya01-ooo-01,null,203.145.223.202,NotReady,8125,null
17725,,1849,3307,st-keya01-ooo-01,null,203.145.223.202,NotReady,8125,null
17725,,1849,3307,st-keya01-ooo-01,null,203.145.223.202,NotReady,8125,null
17725,,1849,3307,st-keya01-ooo-01,null,203.145.223.202,NotReady,8125,null
17725,,1849,3307,st-keya01-ooo-01,null,203.145.223.202,NotReady,8125,null
17725,,1849,3307,st-keya01-ooo-01,null,203.145.223.202,NotReady,8125,null
17725,,1849,3307,st-keya01-ooo-01,null,203.145.223.202,NotReady,8125,null
17725,,1849,3307,st-keya01-ooo-01,null,203.145.223.202,NotReady,8125,null
17725,,1849,3307,st-keya01-ooo-01,null,203.145.223.202,NotReady,8125,null
17725,,1849,3307,st-keya01-ooo-01,null,203.145.223.202,NotReady,8125,null
17725,,1849,3307,st-keya01-ooo-01,null,203.145.223.202,NotReady,8125,null
17725,,1849,3307,st-keya01-ooo-01,null,203.145.223.202,NotReady,8125,null
17725,,1849,3307,st-keya01-ooo-01,null,203.145.223.202,NotReady,8125,null
17725,,1849,3307,st-keya01-ooo-01,null,203.145.223.202,NotReady,8125,null
17725,,1849,3307,st-keya01-ooo-01,null,203.145.223.202,NotReady,8125,null
17725,,1849,3307,st-keya01-ooo-01,null,203.145.223.202,NotReady,8125,null
17725,,1849,3307,st-keya01-ooo-01,null,203.145.223.202,NotReady,8125,null
17725,,1849,3307,st-keya01-ooo-01,null,203.145.223.202,NotReady,8125,null
17725,,1849,3307,st-keya01-ooo-01,null,203.145.223.202,NotReady,8125,null
17725,,1849,3307,st-keya01-ooo-01,null,203.145.223.202,NotReady,8125,null
17725,,1849,3307,st-keya01-ooo-01,null,203.145.223.202,NotReady,8125,null
17725,,1849,3307,st-keya01-ooo-01,null,203.145.223.202,NotReady,8125,null
${api-vmId-WLA01},,${api-volumeId-WLA01},3757,st-keya01-ooo-01,null,${vm_ip},${vm_status},${serverId},null
${api-vmId-WLA01},,${api-volumeId-WLA01},3757,st-keya01-ooo-01,null,${vm_ip},${vm_status},${serverId},null
${api-vmId-WLA01},,${api-volumeId-WLA01},3757,st-keya01-ooo-01,null,${vm_ip},${vm_status},${serverId},null
${api-vmId-WLA01},,${api-volumeId-WLA01},3760,st-keya01-ooo-01,null,${vm_ip},${vm_status},${serverId},null
${api-vmId-WLA01},,${api-volumeId-WLA01},3760,st-keya01-ooo-01,null,${vm_ip},${vm_status},${serverId},null
${api-vmId-WLA01},,${api-volumeId-WLA01},3760,st-keya01-ooo-01,null,${vm_ip},${vm_status},${serverId},null
${api-vmId-WLA01},,${api-volumeId-WLA01},3760,st-keya01-ooo-01,null,${vm_ip},${vm_status},${serverId},null
${api-vmId-WLA01},,${api-volumeId-WLA01},3760,st-keya01-ooo-01,null,${vm_ip},${vm_status},${serverId},null
${api-vmId-WLA01},,${api-volumeId-WLA01},3760,st-keya01-ooo-01,null,${vm_ip},${vm_status},${serverId},null
${api-vmId-WLA01},,${api-volumeId-WLA01},3760,st-keya01-ooo-01,null,${vm_ip},${vm_status},${serverId},null
${api-vmId-WLA01},,${api-volumeId-WLA01},3760,st-keya01-ooo-01,null,${vm_ip},${vm_status},${serverId},null
${api-vmId-WLA01},,${api-volumeId-WLA01},3760,st-keya01-ooo-01,null,${vm_ip},${vm_status},${serverId},null
${api-vmId-WLA01},,${api-volumeId-WLA01},3760,st-keya01-ooo-01,null,${vm_ip},${vm_status},${serverId},null
${api-vmId-WLA01},,${api-volumeId-WLA01},3769,st-keya01-ooo-01,null,${vm_ip},${vm_status},${serverId},null
${api-vmId-WLA01},,${api-volumeId-WLA01},3769,st-keya01-ooo-01,null,${vm_ip},${vm_status},${serverId},null
${api-vmId-WLA01},,${api-volumeId-WLA01},3769,st-keya01-ooo-01,null,${vm_ip},${vm_status},${serverId},null
${api-vmId-WLA01},,${api-volumeId-WLA01},3769,st-keya01-ooo-01,null,${vm_ip},${vm_status},${serverId},null
${api-vmId-WLA01},,${api-volumeId-WLA01},3769,st-keya01-ooo-01,null,${vm_ip},${vm_status},${serverId},null
${api-vmId-WLA01},,${api-volumeId-WLA01},3769,st-keya01-ooo-01,null,${vm_ip},${vm_status},${serverId},null
${api-vmId-WLA01},,${api-volumeId-WLA01},3769,st-keya01-ooo-01,null,${vm_ip},${vm_status},${serverId},null
18667,,${api-volumeId-WLA01},3769,st-keya01-ooo-01,null,${vm_ip},${vm_status},${serverId},null
${api-vmId-WLA01},,${api-volumeId-WLA01},3775,st-keya01-ooo-01,null,${vm_ip},${vm_status},${serverId},null
${api-vmId-WLA01},,${api-volumeId-WLA01},3775,st-keya01-ooo-01,null,${vm_ip},${vm_status},${serverId},null
${api-vmId-WLA01},,${api-volumeId-WLA01},3775,st-keya01-ooo-01,null,${vm_ip},${vm_status},${serverId},null
${api-vmId-WLA01},,${api-volumeId-WLA01},3775,st-keya01-ooo-01,null,${vm_ip},${vm_status},${serverId},null
18700,,${api-volumeId-WLA01},3775,st-keya01-ooo-01,null,${vm_ip},${vm_status},${serverId},null
18700,,2341,3775,st-keya01-ooo-01,null,${vm_ip},${vm_status},${serverId},null
18700,,2341,3775,st-keya01-ooo-01,null,203.145.223.173,Ready,9718,null
18700,,2341,3775,st-keya01-ooo-01,null,203.145.223.173,Ready,9718,26ae860f-ce9e-46fe-8390-907fa914228f
18700,,2341,3775,st-keya01-ooo-01,null,203.145.223.173,Ready,9718,26ae860f-ce9e-46fe-8390-907fa914228f
18700,,2341,3775,st-keya01-ooo-01,null,203.145.223.173,Ready,9718,26ae860f-ce9e-46fe-8390-907fa914228f
18700,,2341,3775,st-keya01-ooo-01,null,203.145.223.173,Ready,9718,26ae860f-ce9e-46fe-8390-907fa914228f
18700,,2341,3775,st-keya01-ooo-01,null,203.145.223.173,Ready,9718,26ae860f-ce9e-46fe-8390-907fa914228f
